sequence,half_life_minutes,half_life_log
AAGIGILTV,22.0,1.3424227005628642
GSIGAASMEF,2.7013,0.4315729793580229
IGAASMEFCF,0.0629,-1.2013424500868506
AASMEFCFDV,0.0556,-1.2549173974363521
SMEFCFDVFK,0.0103,-1.9871206128287102
CFDVFKELKV,0.0122,-1.91360457287575
DVFKELKVHH,0.0101,-1.995635628892249
ELKVHHANEN,0.1969,-0.7057520782073411
KVHHANENIF,1.2897,0.11048903657723966
HHANENIFYC,0.0485,-1.3142493069646497
ANENIFYCPI,0.1557,-0.8077085981378062
ENIFYCPIAI,0.089,-1.0506051136692214
IFYCPIAIMS,0.0469,-1.328817897373361
YCPIAIMSAL,0.2911,-0.535956302655535
PIAIMSALAM,0.1596,-0.7969643918504439
AIMSALAMVY,0.0512,-1.2907215567929036
MSALAMVYLG,0.0132,-1.879393168943227
AMVYLGAKDS,0.0111,-1.954637897346652
VYLGAKDSTR,0.0135,-1.8696340627347927
LGAKDSTRTQ,0.0122,-1.91360457287575
DSTRTQINKV,0.021,-1.677760025068848
KVVRFDKLPG,0.0119,-1.924416544806187
VRFDKLPGFG,0.1526,-0.8164426204240025
FDKLPGFGDS,25.2445,1.4021667905558346
KLPGFGDSIE,40.1296,1.60346484165859
PGFGDSIEAQ,17.8114,1.2506980813183295
FGDSIEAQCG,7.122,0.8526020303175176
DSIEAQCGTS,13.4815,1.129738248262119
IEAQCGTSVN,6.4814,0.811668891797202
AQCGTSVNVH,4.3435,0.6378399258362121
CGTSVNVHSS,1.1378,0.05606631112826441
TSVNVHSSLR,0.1177,-0.9292198473295731
VNVHSSLRDI,0.0148,-1.8297089413746066
VHSSLRDILN,0.0527,-1.2781811439836297
SSLRDILNQI,0.1504,-0.822749276157687
LRDILNQITK,0.0939,-1.0273297826841619
DILNQITKPN,4.1593,0.6190203504945021
LNQITKPNDV,20.6999,1.3159682683913851
QITKPNDVYS,0.2963,-0.5282668827968675
TKPNDVYSFS,0.012,-1.920782564253433
LYAEERYPIL,0.1052,-0.9779801319273579
AEERYPILPE,11.4998,1.0606903251058144
ERYPILPEYL,1.466,0.1661342665495387
YPILPEYLQC,0.1016,-0.9931020175211484
ILPEYLQCVK,0.3817,-0.4182767022622898
PEYLQCVKEL,0.1101,-0.9582087365004586
YLQCVKELYR,0.0263,-1.5800277387260002
QCVKELYRGG,0.0128,-1.8927561024210255
VKELYRGGLE,0.0225,-1.6477981803405841
ELYRGGLEPI,0.0244,-1.612592375071817
YRGGLEPINF,0.0238,-1.6234047956595248
GGLEPINFQT,0.0336,-1.4736477973714859
LEPINFQTAA,0.0242,-1.6161666883373735
PINFQTAADQ,0.0812,-1.0904386223375477
NFQTAADQAR,0.1293,-0.888398116319896
QTAADQAREL,0.0514,-1.2890284317779284
AADQARELIN,0.0325,-1.4881032763195692
DQARELINSW,0.0224,-1.649732593952082
ARELINSWVE,0.0156,-1.8068475631479228
ELINSWVESQ,1.2344,0.09145626488132802
INSWVESQTN,3.3348,0.5230699230560202
SWVESQTNGI,0.7564,-0.1212479056675653
VESQTNGIIR,0.3309,-0.48030192037769404
NVLQPSSVDS,0.3384,-0.4705683622587818
LQPSSVDSQT,0.1866,-0.7290860331869562
PSSVDSQTAM,4.5647,0.659412335363661
SVDSQTAMVL,0.2013,-0.6961540676677132
DSQTAMVLVN,0.0195,-1.7099431176966344
QTAMVLVNAI,0.0264,-1.5783796228931675
AMVLVNAIVF,0.0165,-1.7824897357059728
LWEKAFKDED,0.0131,-1.8826955533589975
EKAFKDEDTQ,0.0329,-1.4827909018104568
AFKDEDTQAM,7.6573,0.884075719063344
KDEDTQAMPF,0.6468,-0.18922931731519396
PFRVTEQESK,0.131,-0.8827253891318365
RVTEQESKPV,2.1948,0.34139514939828214
TEQESKPVQM,19.4782,1.2895488431046123
QESKPVQMMY,3.8079,0.5806856488215203
SKPVQMMYQI,0.124,-0.9065748124770333
PVQMMYQIGL,0.088,-1.0555123927133048
VASMASEKMK,0.1745,-0.75820207991834
ASEKMKILEL,0.0103,-1.9871206128287102
EKMKILELPF,0.0135,-1.8696340627347927
MKILELPFAS,0.0183,-1.7375251789790587
ILELPFASGT,0.0767,-1.1151989738391441
ELPFASGTMS,0.0648,-1.1884182921057818
PFASGTMSML,3.844,0.5847834919763271
ASGTMSMLVL,0.1692,-0.7715970745523231
GTMSMLVLLP,0.0949,-1.0227292112587585
MSMLVLLPDE,0.0317,-1.4989270378569495
MLVLLPDEVS,0.323,-0.49079613310601905
VLLPDEVSGL,8.3587,0.9221387903138949
LPDEVSGLEQ,0.3722,-0.4292224643758631
DEVSGLEQLE,0.1719,-0.7647215968835195
VSGLEQLESI,1.0014,0.0006080207499934528
GLEQLESIIN,0.5162,-0.287181158463089
EQLESIINFE,0.0686,-1.1636695535160395
LESIINFEKL,0.0663,-1.1784799211999522
SIINFEKLTE,0.0667,-1.1758676549706122
INFEKLTEWT,0.0541,-1.2667947073431876
FEKLTEWTSS,0.0563,-1.2494838912832011
KLTEWTSSNV,0.4176,-0.3792384700298318
TEWTSSNVME,0.5842,-0.23343770396275965
WTSSNVMEER,0.9286,-0.0321708529827372
SSNVMEERKI,0.0399,-1.3990162198761664
MKMEEKYNLT,0.0367,-1.4353221022720197
EKYNLTSVLM,0.0124,-1.9065432925013963
YNLTSVLMAM,0.0294,-1.531637897917907
LTSVLMAMGI,0.0787,-1.1040197493217137
SVLMAMGITD,0.1194,-0.9229920359146626
LMAMGITDVF,0.8333,-0.07919809700043323
AMGITDVFSS,0.0154,-1.812451079138729
GITDVFSSSA,0.0178,-1.7495555998100343
TDVFSSSANL,0.019,-1.7212235420443551
VFSSSANLSG,0.1849,-0.7330607400398128
SSSANLSGIS,0.7012,-0.154157473219754
SANLSGISSA,0.6149,-0.21119480067119362
NLSGISSAES,1.5216,0.1823007850128571
SGISSAESLK,0.5455,-0.2632044489361639
ISSAESLKIS,0.0401,-1.3968447972285247
SAESLKISQA,0.0451,-1.3458138286393968
ESLKISQAVH,0.0465,-1.3325377075441938
LKISQAVHAA,0.0192,-1.7166761523812137
ISQAVHAAHA,0.1691,-0.7718538241397049
QAVHAAHAEI,0.1777,-0.7503101282258751
VHAAHAEINE,0.1356,-0.8677371077190991
AAHAEINEAG,0.7772,-0.10946664927889106
HAEINEAGRE,0.1388,-0.8576074049696548
EINEAGREVV,0.1025,-0.9892718976095596
NEAGREVVGS,0.1284,-0.8914315939245586
AGREVVGSAE,0.0967,-1.0145690347873568
REVVGSAEAG,1.7169,0.23474525358067275
VVGSAEAGVD,4.0618,0.60871864218081
GSAEAGVDAA,3.1271,0.49514190843650624
AEAGVDAASV,0.0711,-1.1481242910926273
AGVDAASVSE,0.0548,-1.2612115165061526
VDAASVSEEF,0.0426,-1.3705802063107875
AASVSEEFRA,0.0246,-1.6090472390082053
SVSEEFRADH,0.0788,-1.1034682711941217
SEEFRADHPF,0.0759,-1.1197525022122803
EFRADHPFLF,0.0569,-1.2448801010800492
LFCIKHIATN,0.0185,-1.7328047968540328
CIKHIATNAV,0.0929,-1.031979611171649
KHIATNAVLF,0.0719,-1.1432650694020714
CFDVFKELKVHHANEN,0.0103,-1.9871206128287102
DVFKELKVHHANENIF,0.0201,-1.6967823364263313
ELKVHHANENIFYCPI,0.0851,-1.0700653366024833
KVHHANENIFYCPIAI,0.0892,-1.0496302768789494
HHANENIFYCPIAIMS,0.0575,-1.2403246024285353
ANENIFYCPIAIMSAL,0.0425,-1.3716008513762146
ENIFYCPIAIMSALAM,0.0327,-1.4854389663659693
IFYCPIAIMSALAMVY,0.0167,-1.7772575239733992
YCPIAIMSALAMVYLG,0.0125,-1.9030552448230595
INKVVRFDKLPGFGDS,0.0111,-1.954637897346652
KVVRFDKLPGFGDSIE,0.0131,-1.8826955533589975
VRFDKLPGFGDSIEAQ,0.1209,-0.9175701069747465
FDKLPGFGDSIEAQCG,5.693,0.7553412600972395
KLPGFGDSIEAQCGTS,6.4211,0.8076095011573754
PGFGDSIEAQCGTSVN,5.0348,0.7019823097834128
FGDSIEAQCGTSVNVH,1.3951,0.1446056500145267
DSIEAQCGTSVNVHSS,0.4688,-0.3290114705948747
IEAQCGTSVNVHSSLR,0.193,-0.7144404407675796
AQCGTSVNVHSSLRDI,0.0267,-1.5734724732290857
CGTSVNVHSSLRDILN,0.0499,-1.3018907511675857
TSVNVHSSLRDILNQI,0.1029,-0.987580404709174
VNVHSSLRDILNQITK,0.0614,-1.2118245557164
VHSSLRDILNQITKPN,0.1104,-0.9570269927978072
SSLRDILNQITKPNDV,0.1963,-0.7070774880037854
LRDILNQITKPNDVYS,0.0514,-1.2890284317779284
DILNQITKPNDVYSFS,0.0223,-1.651675662299613
LYAEERYPILPEYLQC,0.0281,-1.5512782250502786
AEERYPILPEYLQCVK,0.2682,-0.5715396071940685
ERYPILPEYLQCVKEL,0.1018,-0.9922479558661673
YPILPEYLQCVKELYR,0.0298,-1.525769162527931
ILPEYLQCVKELYRGG,0.0143,-1.8446335933532956
PEYLQCVKELYRGGLE,0.0152,-1.8181278409896664
YRGGLEPINFQTAADQ,0.011,-1.9585678353197349
GGLEPINFQTAADQAR,0.0207,-1.6840086746400853
LEPINFQTAADQAREL,0.0155,-1.809640283734676
PINFQTAADQARELIN,0.0183,-1.7375251789790587
NFQTAADQARELINSW,0.0247,-1.6072854643237044
QTAADQARELINSWVE,0.0297,-1.5272289282191274
AADQARELINSWVESQ,0.0322,-1.4921306411073263
DQARELINSWVESQTN,0.0223,-1.651675662299613
ELINSWVESQTNGIIR,0.1455,-0.8371340218465311
NVLQPSSVDSQTAMVL,0.1618,-0.791018798588148
LQPSSVDSQTAMVLVN,0.0332,-1.4788488353338716
PSSVDSQTAMVLVNAI,0.0371,-1.4306143844919896
SVDSQTAMVLVNAIVF,0.0236,-1.6270695951112066
LWEKAFKDEDTQAMPF,0.0101,-1.995635628892249
PFRVTEQESKPVQMMY,0.1097,-0.959789413514601
RVTEQESKPVQMMYQI,0.1086,-0.964166175737205
TEQESKPVQMMYQIGL,0.0696,-1.1573845205710183
EKMKILELPFASGTMS,0.0134,-1.8728627928084989
MKILELPFASGTMSML,0.022,-1.6575575789681631
ILELPFASGTMSMLVL,0.0507,-1.2949834747850273
ELPFASGTMSMLVLLP,0.041,-1.3872055508611008
PFASGTMSMLVLLPDE,0.0444,-1.3526072485882794
ASGTMSMLVLLPDEVS,0.0325,-1.4881032763195692
GTMSMLVLLPDEVSGL,0.0306,-1.514264381120193
MSMLVLLPDEVSGLEQ,0.0139,-1.8569539566624123
MLVLLPDEVSGLEQLE,0.1049,-0.9792203717453185
VLLPDEVSGLEQLESI,0.2344,-0.6300405398657408
LPDEVSGLEQLESIIN,0.1597,-0.7966923644305703
DEVSGLEQLESIINFE,0.0265,-1.5767377379013856
VSGLEQLESIINFEKL,0.0393,-1.40559639901499
GLEQLESIINFEKLTE,0.0228,-1.642046105413661
EQLESIINFEKLTEWT,0.0345,-1.4621683168633084
LESIINFEKLTEWTSS,0.0424,-1.3726239007336687
SIINFEKLTEWTSSNV,0.0653,-1.1850801680180876
INFEKLTEWTSSNVME,0.0497,-1.303634873035022
FEKLTEWTSSNVMEER,0.0286,-1.54361878201468
KLTEWTSSNVMEERKI,0.0414,-1.3829891688009155
TEWTSSNVMEERKIKV,0.0139,-1.8569539566624123
MKMEEKYNLTSVLMAM,0.0321,-1.49348143838275
MEEKYNLTSVLMAMGI,0.0225,-1.6477981803405841
EKYNLTSVLMAMGITD,0.0211,-1.6756969625131657
YNLTSVLMAMGITDVF,0.0298,-1.525769162527931
LTSVLMAMGITDVFSS,0.017,-1.7695255326388415
SVLMAMGITDVFSSSA,0.0276,-1.55907518291252
LMAMGITDVFSSSANL,0.0241,-1.6179649372810696
AMGITDVFSSSANLSG,0.0262,-1.5816821328713213
GITDVFSSSANLSGIS,0.024,-1.6197706630619626
TDVFSSSANLSGISSA,0.0361,-1.4424807679429057
VFSSSANLSGISSAES,0.2471,-0.6071254970357874
SSSANLSGISSAESLK,0.3682,-0.4339150363265936
SANLSGISSAESLKIS,0.0601,-1.2211183018596756
NLSGISSAESLKISQA,0.0601,-1.2211183018596756
SGISSAESLKISQAVH,0.0526,-1.2790059993756586
ISSAESLKISQAVHAA,0.0502,-1.2992876316566475
SAESLKISQAVHAAHA,0.0475,-1.3232972474296503
ESLKISQAVHAAHAEI,0.0463,-1.334409629072933
LKISQAVHAAHAEINE,0.0154,-1.812451079138729
ISQAVHAAHAEINEAG,0.1789,-0.7473872318570646
QAVHAAHAEINEAGRE,0.0901,-1.0452703889091517
VHAAHAEINEAGREVV,0.0783,-1.1062326914323675
AAHAEINEAGREVVGS,0.1269,-0.8965349555824367
HAEINEAGREVVGSAE,0.1531,-0.8150219726390114
EINEAGREVVGSAEAG,0.195,-0.7099631614920033
NEAGREVVGSAEAGVD,0.1676,-0.7757233944576142
AGREVVGSAEAGVDAA,0.1212,-0.9164937968967105
REVVGSAEAGVDAASV,0.0694,-1.1586342717446694
VVGSAEAGVDAASVSE,0.0475,-1.3232972474296503
GSAEAGVDAASVSEEF,0.0261,-1.583342853345156
AEAGVDAASVSEEFRA,0.0214,-1.669565932990288
AGVDAASVSEEFRADH,0.0322,-1.4921306411073263
VDAASVSEEFRADHPF,0.0389,-1.4100392344352226
AASVSEEFRADHPFLF,0.0233,-1.6326254401258031
HAEGTFTSDVSSYLEGQAAKEFIAWLVKGR,0.51,-0.2924289723450908
DRVYIHP,10.0,1.000000043429446
RPPGFSPFR,30.0,1.4771212691961448
SLRRSSCFGGRIDRIGAQSGLGCNSFRY,0.42,-0.37674967556884986
FYSL,0.65,-0.18708597521230158
FYS,0.48,-0.3187578578451847
GGFMTSEKSQTPLVTL,0.7,-0.1549013395654979
TSEKSQTPLVTL,0.6,-0.22184802579282303
ADSGEGDFLAEGGGVR,30.0,1.4771212691961448
SLRRSSCFGGRMDRIGAQSGLGCNSFRY,0.8,-0.09690947014029329
HSDAVFTDNYTRLRKQMAVKKYLNSILN,0.62,-0.20760761002734018
AQDFVQWLMNT,10.0,1.000000043429446
CSCSSLMDKECVYFCHLDIIW,40.0,1.6020600021853242
RPPGF,15.0,1.1760912880086458
YRGDS,30.0,1.4771212691961448
RKEVY,30.0,1.4771212691961448
YRQSMNNFQGLRSFGCRFGTCTVQKLAHQIYQFTDKDKDNVAPRSKISPQGY,0.62,-0.20760761002734018
SQDSAERIQERLRNSKMAHSSSCFGQKIDRIGAVSRLGCDGLRQF,23.7,1.374748364334765
RRSSCFGGRMDRIGAQSGLGCNSFRY,17.1,1.2329961357894912
SSCFGGRMDRIGAQSGLGCNSFRY,22.0,1.3424227005628642
PGLHWSYGLRPG,0.69,-0.16115027985090818
PGLHWSYFLRPG,0.83,-0.08092138437787758
CYFQNCPRG,0.9,-0.04575700801151884
SQDSAFRIQERLRNSKMAHSSSCFGQKIDRIGAVSRLGCDGLRLF,45.0,1.653212523426332
CKGKGAKCSRLMYDCCTGSCRSGKC,78.68,1.8958643567670561
AMVSEFLKQAWFIENEEQEYVQTLKSSKGGPGSAVSPYPTFNPSSDV,0.79,-0.10237235897005596
NA,4.5,0.6532126102852178
RGDFK,4.0,0.6020600999015693
HGEGTFTSDLSKQMEEEAVRLFIEWLKNGGPSSGAPPPS,0.65,-0.18708597521230158
RPVNLTMRRKLRKHNCLQRRCMPLHRSVPFP,2.0,0.3010302128111679
IVRWSKKVPCVS,0.7,-0.1549013395654979
ETVTLLVALKVRYRERITAHCKRGARSTC,40.0,1.6020600021853242
MRKSIVRYFVMAFILLFALSTFLTGVQATSVPDKKSPELEKAEIYGDIDVTSDKQTTVIVELKEKSLAEAKADGEKQTKASLKTARSKAKSKALKTLKKAKVNREYDRVFSGFSMKLPASEIPKLLAVKEVKAVYPNATYKPDSVKGKDVTLAADAIYPQMDKSAPFIGADQAWKSGYTGKGIKVAVIDTGVDYTHPDLKNNFGPYKGYDFVDNDYDPQETPTGDPRGGATDHGTHVAGTIAANGQIKGVAPEATLLAYRVLGPGGSGTTENVIAGIEKAVADGAKVMNLSLGNSLNSPDYATSIALDWAMAEGVVAVTSNGNSGPENWTVGSPGTSRVAISVGASQLPYNEYSVTLPSYSSAKVMGYQEEKDLEALNGQEVELVEAGLGQADDFSGKDVKGKVAVIQRGVIPFVDKAENAKNAGAIGAVIYNNATGEIEANVMGMAVPTVKLSKEEGEKLVQQIKEGKHSVVFSFKLDKKLGETIASFSSRGPVMDTWMIKPDVSAPGVNIVSTIPTHDPKNPYGYGSKQGTSMASPHVAGTAAILKQAKPDWTPEQIKGVLMNTAEKLTDENGKPLPHNTQGAGSIRIMEALKASSIVTPGSHSYGTFLKDKGKQTKKQAFTIENLSSHRKAYQLEYSFKGTGITVSGTERVVVPANQTGKAAAKVTVNSAKTKAGTYEGTVYIREDGRKVAEIPLLLIVKEPDYPRVTSVTVEPGAKQGAYTIEAYLPGGAEELAFLVYDENLNLLGQAGVYKNQGKGYQSYQWNGKINDAASLKSGKYYMLAYASAKGKSSYVLTEDPFIVE,90.0,1.954242514264819
LQEHPQARKYKGAQKKGLSKGCFGLKLDRIGSMSGLGC,6.0,0.7781513227660513
NDRAAAIIRADDLASTGYTGEGQIVGVADSGLDTGDLDRIHPDFEGRVKELYAIGRKGDASDPDGHGTHVAGSIVGTGKASDGYKGMAPDAKLVFHSMLDEYGYLAGDVSDILEEAYADGARIHSDSWGVDDDGEYGLDSFLFDQFLWEHPDMTALVAAGNAGIYGYETIGTPATAKNVIAVGASENDRPELDEDEADDPDEVAAFSSRGTTADGRLKPDLVAPGSYILSTRSSLAPDENFHGLFNAFYAYLSGTSMATPVLAGGVAQVRQFLQENGVDNPSGALIKAMLISGADDLNEDMRVQGFGRANLRRAIETGFVDEKKGLKTGDVATYRLNVTDDSQPLAITLAWTDYPASLAAERTLVNNLNLRVVTPSGETLNGNDFFHYPYDDEVDNLNNVEQVWIKHPEEGVYTVTVEGYNVPMGPQPYALAANG,1.5,0.17609154858523932
CWRLRWHSPLKGM,22.4,1.350248037722309
PGLWNLNAAGYLLATHACG,40.0,1.6020600021853242
GWTLNSAGYLLGPHL,80.0,1.9030899924206246
PFSTQDTDLDLEMLAPYIPMDDDFQLRSFDQLSP,50.0,1.6989700130219083
EFKLELVEKLFAEDTEAKNPFSTQDTDLDLEMLAPYIPMDDDFQLRSFDQLSPLESSSASPESASPQSTVTVFQQTQIQEPTANATTTTATTDELKTVTKDRMEDIKILIASPSPTHIHKETT,5.8,0.7634280684412897
PGLRPVNLTMRRKLRKHNCLQRRCMPLHSRVPFP,44.2,1.6454222791747588
KFRRQRPRLSHLGPMPF,50.0,1.6989700130219083
YGGFL,95.0,1.9777236098603685
KGSGSGCPRILMRCKQDSDCLAGCVCGPNGFCG,75.0,1.875061269182293
RRPYIL,0.98,-0.008773481150096645
RRWVRRVRRWVRRVVRVVRRWVRR,22.0,1.3424227005628642
MKIILWLCVFGLFLATLFPISWQMPVESGLSSEDSASSESFASKIKRHGEGTFTSDLSKQMEEEAVRLFIEWLKNGGPSSGAPPPSG,2020.0,3.3053513696616212
FQWAVGH,40.2,1.6042260638878152
AKRLKKLAKKIWKWK,10.0,1.000000043429446
FLFRPRN,20.0,1.3010300173787048
GSLTSSERIDKQIRYILDGISALRKETCNKSNMCESSKEALAENNLNLPKMAEKDGCFQSGFNEETCLVKIITGLLEFEVYLEYLQNRFESSEEQARAVQMSTKVLIQFLQKKAKNLAFAITTPDPTTNASLLTKLQAQNQWLQDMTTHLILRSFKEFLQSSLRALRQM,4.2,0.6232493938013363
RLYMRYYSPTTRRYG,52.0,1.716003351986616
ENGTISRY,31.08,1.4924810241023154
SYSRNHTY,6.4,0.8061800418423947
EPWNSSIT,13.0,1.1139433857141032
SEGGNDSR,13.2,1.1205739641069457
ASSGNATG,18.78,1.2736956110554634
IGLHDPSHGTLPNGS,55.9,1.7474118156555551
VPGVGVPGKGVPGVGDPNYPRGHEAEDLQVGQVELGGGPGAGSLQPLALEGSLQ,72.3,1.85913830330137
NSEIQNAVEVEEVVLPSIESPTENLPNNGSVVQPPSRSSPAGRPAIWIKDFVWGHIRPRRLTNDRLADMPLERRESWARTQEEGG,1445.0,3.1598678473931163
ALLANHEELFQTGGGSK,22.7,1.356025876325038
QLELTFHANLEAGGGSK,19.5,1.2900346336340294
MRLTWTCLLTLVLVTAACEAPGEEPVPAEEAVPALKEVFADAFLVGAALNPDQFYGRDTLGVALITKHFNTITPENVMKWEQIHPEPDRYDFEAADRFVAFGEERDLFIVGHTLVWHNQTPDWVFEDDRGEPLTREALLERMRDHIQTVVGRYRGRVDGWDVVNEALNEDGTLRPTRWLEIIGEDYLAHAFRFAHEADPQAELYYNDYSLTNPAKREGAVRLVQGLLDAGVPVTGIGMQGHYALTYPTLEELETSITTFAGLGVDVMITELDVAVLPRPSEYWGADVSRREELRAELDPYREAFPDSMQQALADRYAGFFEVFLRQQEALTRVTFWGVTDGDSWLNNWPIRGRTSYPLLFDRAYRPKPAFFAVVATARE,1.0,4.3429426472042774e-07
KDQSPLAGESGETEYITEVYGNQQNPVDIDKKLPNETGFSGNMVETEDT,0.81,-0.09151444495565413
KDQSPLAGESGETEYITEVYGNQYNSVDPDKKLINEGGFSTNMVEPEDT,0.86,-0.06550104376314227
GVPGVGY,0.2,-0.698967832869038
GVPGSGY,0.2,-0.698967832869038
LVIWINGDK,400.0,2.6020599924136985
GYNGLAEVGK,1100.0,3.0413926855530384
LYPFTWDAVRYNGK,18.0,1.2552725292307767
YENGKYDIK,12.0,1.07918128223883
DVGVDNAGAK,120.0,2.0791812496667457
TAVINAASGR,630.0,2.799340550142938
IAVEEEE,31.0,1.491361707843772
AREYGTRFSLIGGYRGGGGKKKK,104.5,2.019116294603001
VIWINGDKGY,980.0,2.9912260761356526
VIWINGDKGYNGL,1300.0,3.1139433526409093
VRYNGKL,150.0,2.176091261950978
FKYENGKY,30.0,1.4771212691961448
TINGPWAWSN,10.0,1.000000043429446
VGVDNAGAKAGLTF,30.0,1.4771212691961448
YAVRTAVINAASGRQTVDE,30.0,1.4771212691961448
VDLIKNKHMNADTDY,270.0,2.4313637657674856
SAGINAASPNKEL,3800.0,3.5797835967310982
AKDPRIAATMENAQKGEIM,35.0,1.5440680567586893
TLQPPASSRRRHFHHALPPAR,0.97,-0.013227818007715931
HGEGTFTSDVSYLEGQAAKEFIAWLVKGR,4.0,0.6020600999015693
HGEGTFTSDVSSYLEGQAAKEFIAWLVKGR,4.0,0.6020600999015693
RPKPQQFFGLM,0.8,-0.09690947014029329
DNWWPKPPHQGPRPPRPRPKP,0.3,-0.5228772976344773
MKGSWWRRVAMIALSAGLLAGSLSMGTGIRKADAAAGNQNYAEALQKAIYFYEAQRSGPLPASNRVEWRGNSGIQDGADVGVDLTGGWYDAGDHVKFGFPMAASATMLAWSVVEYSDGYEQAGQLEEIKDNIRWATDYFMKAHTKPNELWGQVGAGNTDHAWWGPAEVMQMNRPSFKIDASCPGSDLAAETAAALAASSIVFADDDPAYSARLLQHAKELYNFAYTYRGEYTDCITDAAAFYNSWTGYEDELAWGGAWLYLATNDSAYLSKAIAATDRWSSSGGSANWPYTWTQGWDSKHYGAQILLARITSSLNMPEATRFIQSTERNLDYWTVGVNGTRVKYTPGGLAWLDQWGSLRYAANASFISFVYSDWVSDPVKKSRYQDFAVSQMNYILGDNPRQSSYVVGYGQNAPQHPHHRTAHGSWLNNEDIPANHRHILYGAMVGGPDASDGYTDDIGDYVSNEVATDYNAGFTGALAKMNLLFGQNHQPLANFPAPEVKGDEFFVEAAIKSSGANYTEIRAQLNNRSAWPARMGDQLSFKYFLDLSEVYAAGRTVSDVQVTTSYTEGATVSQPVVVNAAQHIYAITANFGNTKIYPGGEGNYRKEVQFRITGPQGAWNASNDHSFQTLTTGTPVKSIYLPVYDAGVKVYGQEPGLTPVTVPGAPAGVQAVAGSSQVNLTWAAVSGAESYTVKRSEVSGGPYTTVATGVNGLTYTNTGLTNGTTYYYVVTAVNSAGESSGSVQVSATPQAASTVPGALTLSGTAGNAQSVLTWTTASGATTYKVQRSVAGGTYADVATGLSVLTYTDTTALNGTTYNYRIAAVNANGQTLSNVLALTPSAPPVTTGTLEVQYRSGGSGNSSNAATPQFNVKNTGTQAIDLSTVKIRYYFTKDGADQMTFWCDYAEMGTANVEGTFVTVNPAKGTADTYLEISFKSGAGSLAAGAETGVIQARFSKNNWSNFDLSNDYSYDASKTAFAAWNKVTGYQGNTKVWGLEP,59.2,1.772321714058975
MTCHHEDEGDEGQWECPYGLCWIQPEG,5.0,0.6989700911949065
QWECPYGLCWIQ,8.6,0.934498501742923
DSDDRVTPPAEPLDRMPDPCHLRTYRRPSYGRAETVVNNYIRKWQQVYSHRDGRKQQMTEEQREWLSCHRTYRGCVGVTWVNSGQYPTNRLAFASFDEDRFKNELKNGRPRSGETRAEFEGRVAKESFDEEKGFQRAREVASVMNRALENAHDESAYLDNLKKELANGNDALRNEDARSPFCHLRTYRSALRNTPSFKERNGGNHDPSRMKAVIYSKHFWSGQDRSSSADKRKYGDPDAFRPAPGTGLVDMSRDRNIPRSPTSPGEGFVNFDYGWFGAQTEADADKTVWTHGNHYHAPNGSLGAMHVYESKFRNWSEGYSDFDRGAYVITFIPKSWNTAPDKVKQGWP,5.1,0.7075702612537088
NKVPNLRGDLQVLAQKVART,77.0,1.88649073081267
GNKVPNLRGDLQVLAQKVART,60.0,1.778151257621885
HGEGTFTSDLSKQMEEEAVRLFIEWLKNGGP,1.2,0.07918160795954224
HGEGTFTSDLSKQMEEEAVRLFIEWLKNGPSSGAPPPS,0.22,-0.6575753451164534
ACRWPARCVHQDLCG,1.8,0.2552727463779512
EYEKEYEACRWPARCVHQDLCG,48.0,1.6812412464233888
RGDYK,14.6,1.1643528855306335
MCGPGVGVPGGVPGWPGSG,3.63,0.5599067446764492
MCLPVASCGGPGVGVPGGVPGWPGSGGC,39.12,1.5923988572171608
RNPTMSMSFLLAGGLVLAMTLGVGA,15.0,1.1760912880086458
CDLPQTHSLGSRRTLMLLAQMRKISLFSCLKDRHDFGFPQEEFGNQFQKAETIPVLHEMIQQIFNLFSTKDSSAAWDETLLDKFYTELYQQLNDLEACVIQGVGVTETPLMKEDSILAVRKYFQRITLYLKEKKYSPCAWEVVRAEIMRSFSLSTNLQESLRSKE,0.33,-0.48148474408022196
CDLPQTHSLGSRRTLMLLAQMRKISLFSCLKDRHDFGFPQEEFGNQFQKAETIPVLHEMIQQIFNLFSTKDSSAAWDETLLDKFYTELYQQLNDLEACVIQGVGVTETPLMKEDSILAVRKYFQRITLYLKEKKYSPCAWEVVRAEIMRSFSLSTNLQESLRSKEPMPC,2.0,0.3010302128111679
HGEGTFTSDLSKQMEEEAVRLFIEWLKNGGPSSGAPPPSNH,0.7,-0.1549013395654979
HGEGTFTSDLSKQMEEEAVRLFIEWLKNGGPSSGAPPPSC,6.2,0.7923917595457454
AGLPTREPVRQASTAEPGAERIIVKYRAGTAAAGDRSAKLSTVQSALTRASLSGGTARASTLGPQVVRKLGVGADLIRLQGRLAPAELQRVLKELKADPAVQYAEADVKLRRTELRAGDVQPALAPNDPYYQQYQWHLHNATGGINAPSAWDVSQGEGVVVAVLDTGILPQHPDLVGNLLEGYDFISDAETSRRATNDRVPGAQDYGDWVENDNECYTGSVAEDSSWHGTHVAGTVAEQTNNGVGMAGVAHKAKVLPVRVLGKCGGYLSDIADAITWASGGTVAGVPANANPAEIINMSLGGSGSCDGTYQDAINGAISRGTTVVVAAGNETDNASKYRPASCDGVVTVGATRITGGITYYSNYGTRVDLSGPGGGGSVDGNPGGYVWQSGSDAATTPESGSYSYMGMGGTSMASPHVAAVAALVQSALIAKGKDPLAPAAMRTLLKETARPFPVSIPAATPIGTGIVDAKAALAKALEEPCTESCGPVATPLTNKAAVGGLNGTAGSSRLYSFEAAAGKQLSVITYGGTGNVSVYIAQGREPSASDNDGKSTRPGTSETVRVNKPVAGTYYIKVVGEAAYNGVSILATQH,41.0,1.6127838673122836
AGLPTREPVRQASTAEPGAERIIVKYRAGTAAAGDRSAKLSTVQSALTRASLSGGTARASTLGPQVVRKLGVGADLIRLQGRLAPAELQRVLKELKADPAVQYAEADVKLRRTELRAGDVQPALAPNDPYYQQYQWHLHNATGGINAPSAWDVSQGEGVVVAVLDTGILPQHPDLVGNLLEGYDFISDAETSRRATNDRVPGAQDYGDWVENDNECYTGSVAEDSSWHGTHVAGTVAEQTNNGVGMAGVAHKAKVLPVRVLGKCGGYLSDIADAITWASGGTVAGVPANANPAEIINMSLGGSGSCDGTYQDAINGAISRGTTVVVAAGNETDNASKYRPASCDGVVTVGATRITGGITYYSNYGTRVDLSGPGGGGSVDGNPGGYVWQSGSDAATTPESGSYSYMGMGGTSMASPHVAAVAALVQSALIAKGKDPLAPAAMRTLLKETARPFPVSIPAATPIGTGIVDAKAALAKALEEPCTESPGGNVLQNNVPVTGLGAATGAELNYTVAVPAGSSQLRVTISGGSGDADLYVRQGSAPTDTSYTCRPYLSGNSETCTINSPAAGTWYVRVKAYSTFSGVTLNAQYH,105.3,2.0224283753098407
GDVQLSGLQSAPTHQRFIVKYRDGSAPVANTTALASSLKSAAAGLASSQGRALGLQEVRKLAVGPTLVRTDRPLDQAESELLMRKLAADPNVEYVEVDQIMRATLAPNDPYYQQYQWHLHNATGGINAPSAWDVSQGEGVVVAVLDTGILPQHPDLVGNLLEGYDFISDAETSRRATNDRVPGAQDYGDWVENDNECYTGSVAEDSSWHGTHVAGTVAEQTNNGVGMAGVAHKAKVLPVRVLGKCGGYLSDIADAITWASGGTVAGVPANANPAEIINMSLGGSGSCDGTYQDAINGAISRGTTVVVAAGNETDNASKYRPASCDGVVTVGATRITGGITYYSNYGTRVDLSGPGGGGSVDGNPGGYVWQSGSDAATTPESGSYSYMGMGGTSMASPHVAAVAALVQSALIAKGKDPLAPAAMRTLLKETARPFPVSIPAATPIGTGIVDAKAALAKALEEPCTESCGPVATPLTNKAAVGGLNGTAGSSRLYSFEAAAGKQLSVITYGGTGNVSVYIAQGREPSASDNDGKSTRPGTSETVRVNKPVAGTYYIKVVGEAAYNGVSILATQH,152.2,2.182414655288
GDVQLSGLQSAPTHQRFIVKYRDGSAPVANTTALASSLKSAAAGLASSQGRALGLQEVRKLAVGPTLVRTDRPLDQAESELLMRKLAADPNVEYVEVDQIMRATLAPNDPYYQQYQWHLHNATGGINAPSAWDVSQGEGVVVAVLDTGILPQHPDLVGNLLEGYDFISDAETSRRATNDRVPGAQDYGDWVENDNECYTGSVAEDSSWHGTHVAGTVAEQTNNGVGMAGVAHKAKVLPVRVLGKCGGYLSDIADAITWASGGTVAGVPANANPAEIINMSLGGSGSCDGTYQDAINGAISRGTTVVVAAGNETDNASKYRPASCDGVVTVGATRITGGITYYSNYGTRVDLSGPGGGGSVDGNPGGYVWQSGSDAATTPESGSYSYMGMGGTSMASPHVAAVAALVQSALIAKGKDPLAPAAMRTLLKETARPFPVSIPAATPIGTGIVDAKAALAKALEEPCTESPGGNVLQNNVPVTGLGAATGAELNYTVAVPAGSSQLRVTISGGSGDADLYVRQGSAPTDTSYTCRPYLSGNSETCTINSPAAGTWYVRVKAYSTFSGVTLNAQYH,244.6,2.388456454475796
AGLPTREPVRQASTAEPGAERIIVKYRAGTAAAGDRSAKLSTVQSALTRASLSGGTARASTLGPQVVRKLGVGADLIRLQGRLAPAELQRVLKELKADPAVQYAEADVKLRRTELRAGDVQPALAPNDPYYQQYQWHLHNATGGINAPSAWDVSQGEGVVVAVLDTGILPQHPDLVGNLLEGYDFISDAETSRRATNDRVPGAQDYGDWVENDNECYTGSVAEDSSWHGTHVAGTVAEQTNNGVGMAGVAHKAKVLPVRVLGKCGGYLSDIADAITWASGGTVAGVPANANPAEIINMSLGGSGSCDGTYQDAINGAISRGTTVVVAAGNETDNASKYRPASCDGVVTVGATRITGGITYYSNYGTRVDLSGPGGGGSVDGNPGGYVWQSGSDAATTPESGSYSYMGMGGTSMASPHVAAVAALVQSALIAKGKDPLAPAAMRTLLKETARPFPVSIPAATPIGTGIVDAKAALAKALEEPCTESH,5.6,0.7481881045587795
GDVQLSGLQSAPTHQRFIVKYRDGSAPVANTTALASSLKSAAAGLASSQGRALGLQEVRKLAVGPTLVRTDRPLDQAESELLMRKLAADPNVEYVEVDQIMRATLAPNDPYYQQYQWHLHNATGGINAPSAWDVSQGEGVVVAVLDTGILPQHPDLVGNLLEGYDFISDAETSRRATNDRVPGAQDYGDWVENDNECYTGSVAEDSSWHGTHVAGTVAEQTNNGVGMAGVAHKAKVLPVRVLGKCGGYLSDIADAITWASGGTVAGVPANANPAEIINMSLGGSGSCDGTYQDAINGAISRGTTVVVAAGNETDNASKYRPASCDGVVTVGATRITGGITYYSNYGTRVDLSGPGGGGSVDGNPGGYVWQSGSDAATTPESGSYSYMGMGGTSMASPHVAAVAALVQSALIAKGKDPLAPAAMRTLLKETARPFPVSIPAATPIGTGIVDAKAALAKALEEPCTESH,36.5,1.5622928763549535
ARTKQTARKSTGGKAPRKQLATKAARKSAP,9.63,0.9836263322226092
HGEGTFTSDSKQEEEAVRLFIEWLKNGGPSSGAPPPS,94.0,1.9731278582198526
HGEGTFTSDLSKQEEEAVRLFIWLKGGPSSGAPPPS,128.0,2.107209973040794
HGEGTFTSDSKQEEEAVRLFIWLKGGPSSGAPPPS,295.0,2.4698220174503476
MGSHHHHHHSSGENLYFQGHPCPDSSPLLQFGGQVRQRYLYTDDAQQTEAHLEIREDGTVGGAADQSPESLLQLKALKPGVIQILGVKTSRFLCQRPDGALYGSLHFDPEACSFRELLLEDGYNVYQSEAHGLPLHLPGNKSPHRDPAPRGPARFLPLPGLPPALPEPPGILAPQPPDVGSSDPLSMVEPSQGRSPSYASP,675.0,2.829303773474424
GSNCTANYLSFLSPEHQKAQQRKESKKPPAKLQPRC,8.0,0.9030900412787504
MVSQALRLLCLLLGLQGCLAAVFVTQEEAHGVLHRRRRANAFLEELRPGSLERECKEEQCSFEEAREIFKDAERTKLFWISYSDGDQCASSPCQNGGSCKDQLQSYICFCLPAFEGRNCETHKDDQLICVNENGGCEQYCSDHTGTKRSCRCHEGYSLLADGVSCTPTVEYPCGKIPILEKRNASKPQGRIVGGKVCPKGECPWQVLLLVNGAQLCGGTLINTIWVVSAAHCFDKIKNWRNLIAVLGEHDLSEHDGDEQSRRVAQVIIPSTYVPGTTNHDIALLRLHQPVVLTDHVVPLCLPERTFSERTLAFVRFSLVSGWGQLLDRGATALELMVLNVPRLMTQDCLQQSRKVGDSPNITEYMFCAGYSDGSKDSCKGDSGGPHATHYRGTWYLTGIVSWGQGCATVGHFGVYTRVSQYIEWLQKLMRSEPRPGVLLRAPFPSSSSKAPPPSLPSPSRLPGPSDTPILPQSSSSKAPPPSLPSTSRLPGPSDTPILPQSSSSKAPPPSLPSPSRLPGP,4.07,0.6095945159314679
MGWSLILLFLVAVATRVLS,2.0,0.3010302128111679
ANSFLEEMKKGHLERECMEETCSYEEAREVFEDSDKTNEFWNKYKDGDQCETSPCQNQGKCKDGLGEYTCTCLEGFEGKNCELFTRKLCSLDNGDCDQFCHEEQNSVVCSCARGYTLADNGKACIPTGPYPCGKQTLER,1.0,4.3429426472042774e-07
APISSHCRLDKSNFQQPYITNRTFMLAKEASLADNNTDVRLIGEKLFHGVSMSERCYLMKQVLNFTLEEVLFPQSDRFQPYMQEVVPFLARLSNRLSTCHIEGDDLHIQRNVQKLKDTVKKLGESGEIKAIGELDLLFMSLRNACIGSGGGSGGGGSGGGGSAPISSHCRLDKSNFQQPYITNRTFMLAKEASLADNNTDVRLIGEKLFHGVSMSERCYLMKQVLNFTLEEVLFPQSDRFQPYMQEVVPFLARLSNRLSTCHIEGDDLHIQRNVQKLKDTVKKLGESGEIKAIGELDLLFMSLRNACI,1.3,0.11394368637938665
GIVEQCCTSICSLYQLENYCN,20.0,1.3010300173787048
MAERAALEELVKLQGERVRGLKQQKASAELIEEEVAKLLKLKAQLGPDESKQKFVLKTPKHHHHHH,0.5,-0.30102912707588597
MSDKTHTCPPCPAPELLGGPSVFLFPPKPKDTLMISRTPEVTCVVVDVSHEDPEVKFNWYVDGVEVHNAKTKPREEQYNSTYRVVSVLTVLHQDWLNGKEYKCKVSNKALPAPIEKTISKAKGQPREPQVYTLPPSREEMTKNQVSLTCLVKGFYPSDIAVEWESNGQPENNYKTTPPVLDSDGSFFLYSKLTVDKSRWQQGNVFSCSVMHEALHNHYTQKSLSLSPGKAERAALEELVKLQGERVRGLKQQKASAELIEEEVAKLLKLKAQLGPDESKQKFVLKTPK,72.0,1.8573325024631362
MAERAALEELVKLQGERVRGLKQQKASAELIEEEVAKLLKLKAQLGPDESKQKFVLKTPKSDKTHTCPPCPAPELLGGPSVFLFPPKPKDTLMISRTPEVTCVVVDVSHEDPEVKFNWYVDGVEVHNAKTKPREEQYNSTYRVVSVLTVLHQDWLNGKEYKCKVSNKALPAPIEKTISKAKGQPREPQVYTLPPSREEMTKNQVSLTCLVKGFYPSDIAVEWESNGQPENNYKTTPPVLDSDGSFFLYSKLTVDKSRWQQGNVFSCSVMHEALHNHYTQKSLSLSPGK,33.0,1.518513953038326
KMDGCRFGTCTVQKLAHQIYQFTDKDKDNVAPRSKISPQGY,1.5,0.17609154858523932
MHRPRRRGTRPPPLALLAALLLAARGADARSTGSPGSGDKTHTCPPCPAPELLGGPSVFLFPPKPKDTLMISRTPEVTCVVVDVSHEDPEVKFNWYVDGVEVHNAKTKPREEQYNSTYRVVSVLTVLHQDWLNGKEYKCKVSNKALPAPIEKTISKAKGQPREPQVYTLPPSRDELTKNQVSLTCLVKGFYPSDIAVEWESNGQPENNYKTTPPVLDSDGSFFLYSKLTVDKSRWQQGNVFSCSVMHEALHNHYTQKSLSLSPGKGGGGSGGGGSGGGGSQRPRLSHKGPMPF,1.0,4.3429426472042774e-07
MHRPRRRGTRPPPLALLAALLLAARGADAQRPRLSHKGPMPFGGGGSGGGGSGGGGSDKTHTCPPCPAPELLGGPSVFLFPPKPKDTLMISRTPEVTCVVVDVSHEDPEVKFNWYVDGVEVHNAKTKPREEQYNSTYRVVSVLTVLHQDWLNGKEYKCKVSNKALPAPIEKTISKAKGQPREPQVYTLPPSRDELTKNQVSLTCLVKGFYPSDIAVEWESNGQPENNYKTTPPVLDSDGSFFLYSKLTVDKSRWQQGNVFSCSVMHEALHNHYTQKSLSLSPGK,1.0,4.3429426472042774e-07
MHSDAVFTDNYTRLRKQMAVKKYLNSILN,45.8,1.6608654874862814
