sequence,target
INSWVESQTN,0.5230699230560202
AGLPTREPVRQASTAEPGAERIIVKYRAGTAAAGDRSAKLSTVQSALTRASLSGGTARASTLGPQVVRKLGVGADLIRLQGRLAPAELQRVLKELKADPAVQYAEADVKLRRTELRAGDVQPALAPNDPYYQQYQWHLHNATGGINAPSAWDVSQGEGVVVAVLDTGILPQHPDLVGNLLEGYDFISDAETSRRATNDRVPGAQDYGDWVENDNECYTGSVAEDSSWHGTHVAGTVAEQTNNGVGMAGVAHKAKVLPVRVLGKCGGYLSDIADAITWASGGTVAGVPANANPAEIINMSLGGSGSCDGTYQDAINGAISRGTTVVVAAGNETDNASKYRPASCDGVVTVGATRITGGITYYSNYGTRVDLSGPGGGGSVDGNPGGYVWQSGSDAATTPESGSYSYMGMGGTSMASPHVAAVAALVQSALIAKGKDPLAPAAMRTLLKETARPFPVSIPAATPIGTGIVDAKAALAKALEEPCTESCGPVATPLTNKAAVGGLNGTAGSSRLYSFEAAAGKQLSVITYGGTGNVSVYIAQGREPSASDNDGKSTRPGTSETVRVNKPVAGTYYIKVVGEAAYNGVSILATQH,1.6127838673122836
LKISQAVHAA,-1.7166761523812135
YRGGLEPINFQTAADQ,-1.9585678353197349
AGVDAASVSE,-1.2612115165061526
TSEKSQTPLVTL,-0.221848025792823
HGEGTFTSDLSKQMEEEAVRLFIEWLKNGGPSSGAPPPSNH,-0.1549013395654979
AGREVVGSAE,-1.0145690347873568
RVTEQESKPVQMMYQI,-0.964166175737205
KVHHANENIFYCPIAI,-1.0496302768789494
VDLIKNKHMNADTDY,2.4313637657674856
SEGGNDSR,1.1205739641069457
REVVGSAEAGVDAASV,-1.1586342717446694
GTMSMLVLLP,-1.0227292112587585
DVFKELKVHH,-1.995635628892249
ISQAVHAAHA,-0.7718538241397049
GNKVPNLRGDLQVLAQKVART,1.778151257621885
PFRVTEQESKPVQMMY,-0.959789413514601
FDKLPGFGDSIEAQCG,0.7553412600972395
,0.6532126102852178
CYFQNCPRG,-0.0457570080115188
VIWINGDKGYNGL,3.1139433526409093
MGSHHHHHHSSGENLYFQGHPCPDSSPLLQFGGQVRQRYLYTDDAQQTEAHLEIREDGTVGGAADQSPESLLQLKALKPGVIQILGVKTSRFLCQRPDGALYGSLHFDPEACSFRELLLEDGYNVYQSEAHGLPLHLPGNKSPHRDPAPRGPARFLPLPGLPPALPEPPGILAPQPPDVGSSDPLSMVEPSQGRSPSYASP,2.829303773474424
LWEKAFKDEDTQAMPF,-1.995635628892249
SVSEEFRADH,-1.1034682711941215
SIINFEKLTE,-1.1758676549706122
INKVVRFDKLPGFGDS,-1.954637897346652
GLEQLESIIN,-0.287181158463089
AADQARELINSWVESQ,-1.4921306411073263
DSQTAMVLVN,-1.7099431176966344
SSSANLSGISSAESLK,-0.4339150363265936
CDLPQTHSLGSRRTLMLLAQMRKISLFSCLKDRHDFGFPQEEFGNQFQKAETIPVLHEMIQQIFNLFSTKDSSAAWDETLLDKFYTELYQQLNDLEACVIQGVGVTETPLMKEDSILAVRKYFQRITLYLKEKKYSPCAWEVVRAEIMRSFSLSTNLQESLRSKEPMPC,0.3010302128111679
AMVYLGAKDS,-1.954637897346652
APISSHCRLDKSNFQQPYITNRTFMLAKEASLADNNTDVRLIGEKLFHGVSMSERCYLMKQVLNFTLEEVLFPQSDRFQPYMQEVVPFLARLSNRLSTCHIEGDDLHIQRNVQKLKDTVKKLGESGEIKAIGELDLLFMSLRNACIGSGGGSGGGGSGGGGSAPISSHCRLDKSNFQQPYITNRTFMLAKEASLADNNTDVRLIGEKLFHGVSMSERCYLMKQVLNFTLEEVLFPQSDRFQPYMQEVVPFLARLSNRLSTCHIEGDDLHIQRNVQKLKDTVKKLGESGEIKAIGELDLLFMSLRNACI,0.1139436863793866
VGVDNAGAKAGLTF,1.4771212691961448
AGLPTREPVRQASTAEPGAERIIVKYRAGTAAAGDRSAKLSTVQSALTRASLSGGTARASTLGPQVVRKLGVGADLIRLQGRLAPAELQRVLKELKADPAVQYAEADVKLRRTELRAGDVQPALAPNDPYYQQYQWHLHNATGGINAPSAWDVSQGEGVVVAVLDTGILPQHPDLVGNLLEGYDFISDAETSRRATNDRVPGAQDYGDWVENDNECYTGSVAEDSSWHGTHVAGTVAEQTNNGVGMAGVAHKAKVLPVRVLGKCGGYLSDIADAITWASGGTVAGVPANANPAEIINMSLGGSGSCDGTYQDAINGAISRGTTVVVAAGNETDNASKYRPASCDGVVTVGATRITGGITYYSNYGTRVDLSGPGGGGSVDGNPGGYVWQSGSDAATTPESGSYSYMGMGGTSMASPHVAAVAALVQSALIAKGKDPLAPAAMRTLLKETARPFPVSIPAATPIGTGIVDAKAALAKALEEPCTESPGGNVLQNNVPVTGLGAATGAELNYTVAVPAGSSQLRVTISGGSGDADLYVRQGSAPTDTSYTCRPYLSGNSETCTINSPAAGTWYVRVKAYSTFSGVTLNAQYH,2.0224283753098407
ARELINSWVE,-1.8068475631479228
QITKPNDVYS,-0.5282668827968675
GTMSMLVLLPDEVSGL,-1.514264381120193
IEAQCGTSVNVHSSLR,-0.7144404407675796
MEEKYNLTSVLMAMGI,-1.647798180340584
MSMLVLLPDEVSGLEQ,-1.8569539566624125
FGDSIEAQCGTSVNVH,0.1446056500145267
VLLPDEVSGL,0.9221387903138948
KHIATNAVLF,-1.1432650694020714
ANENIFYCPI,-0.8077085981378062
NEAGREVVGS,-0.8914315939245586
IEAQCGTSVN,0.811668891797202
HAEINEAGRE,-0.8576074049696548
MGWSLILLFLVAVATRVLS,0.3010302128111679
GSLTSSERIDKQIRYILDGISALRKETCNKSNMCESSKEALAENNLNLPKMAEKDGCFQSGFNEETCLVKIITGLLEFEVYLEYLQNRFESSEEQARAVQMSTKVLIQFLQKKAKNLAFAITTPDPTTNASLLTKLQAQNQWLQDMTTHLILRSFKEFLQSSLRALRQM,0.6232493938013363
FEKLTEWTSSNVMEER,-1.54361878201468
LEPINFQTAA,-1.6161666883373735
MCGPGVGVPGGVPGWPGSG,0.5599067446764492
TEQESKPVQMMYQIGL,-1.1573845205710185
ELKVHHANEN,-0.7057520782073411
DEVSGLEQLE,-0.7647215968835195
LWEKAFKDED,-1.8826955533589975
TINGPWAWSN,1.000000043429446
ENGTISRY,1.4924810241023154
WTSSNVMEER,-0.0321708529827372
SLRRSSCFGGRIDRIGAQSGLGCNSFRY,-0.3767496755688498
SSLRDILNQITKPNDV,-0.7070774880037854
PEYLQCVKELYRGGLE,-1.8181278409896664
CKGKGAKCSRLMYDCCTGSCRSGKC,1.895864356767056
YNLTSVLMAM,-1.531637897917907
VKELYRGGLE,-1.647798180340584
GGLEPINFQTAADQAR,-1.6840086746400853
DQARELINSWVESQTN,-1.651675662299613
ASEKMKILEL,-1.9871206128287104
MKIILWLCVFGLFLATLFPISWQMPVESGLSSEDSASSESFASKIKRHGEGTFTSDLSKQMEEEAVRLFIEWLKNGGPSSGAPPPSG,3.3053513696616212
GGLEPINFQT,-1.473647797371486
GSAEAGVDAA,0.4951419084365062
ANSFLEEMKKGHLERECMEETCSYEEAREVFEDSDKTNEFWNKYKDGDQCETSPCQNQGKCKDGLGEYTCTCLEGFEGKNCELFTRKLCSLDNGDCDQFCHEEQNSVVCSCARGYTLADNGKACIPTGPYPCGKQTLER,4.342942647204278e-07
MHSDAVFTDNYTRLRKQMAVKKYLNSILN,1.6608654874862814
RPKPQQFFGLM,-0.0969094701402932
GLEQLESIINFEKLTE,-1.642046105413661
VLLPDEVSGLEQLESI,-0.6300405398657408
SSSANLSGIS,-0.154157473219754
GDVQLSGLQSAPTHQRFIVKYRDGSAPVANTTALASSLKSAAAGLASSQGRALGLQEVRKLAVGPTLVRTDRPLDQAESELLMRKLAADPNVEYVEVDQIMRATLAPNDPYYQQYQWHLHNATGGINAPSAWDVSQGEGVVVAVLDTGILPQHPDLVGNLLEGYDFISDAETSRRATNDRVPGAQDYGDWVENDNECYTGSVAEDSSWHGTHVAGTVAEQTNNGVGMAGVAHKAKVLPVRVLGKCGGYLSDIADAITWASGGTVAGVPANANPAEIINMSLGGSGSCDGTYQDAINGAISRGTTVVVAAGNETDNASKYRPASCDGVVTVGATRITGGITYYSNYGTRVDLSGPGGGGSVDGNPGGYVWQSGSDAATTPESGSYSYMGMGGTSMASPHVAAVAALVQSALIAKGKDPLAPAAMRTLLKETARPFPVSIPAATPIGTGIVDAKAALAKALEEPCTESPGGNVLQNNVPVTGLGAATGAELNYTVAVPAGSSQLRVTISGGSGDADLYVRQGSAPTDTSYTCRPYLSGNSETCTINSPAAGTWYVRVKAYSTFSGVTLNAQYH,2.388456454475796
LESIINFEKL,-1.1784799211999522
YCPIAIMSAL,-0.535956302655535
FEKLTEWTSS,-1.2494838912832011
PGLHWSYFLRPG,-0.0809213843778775
VHSSLRDILNQITKPN,-0.9570269927978072
ASGTMSMLVL,-0.7715970745523231
SVLMAMGITDVFSSSA,-1.55907518291252
RRWVRRVRRWVRRVVRVVRRWVRR,1.3424227005628642
DILNQITKPN,0.6190203504945021
GDVQLSGLQSAPTHQRFIVKYRDGSAPVANTTALASSLKSAAAGLASSQGRALGLQEVRKLAVGPTLVRTDRPLDQAESELLMRKLAADPNVEYVEVDQIMRATLAPNDPYYQQYQWHLHNATGGINAPSAWDVSQGEGVVVAVLDTGILPQHPDLVGNLLEGYDFISDAETSRRATNDRVPGAQDYGDWVENDNECYTGSVAEDSSWHGTHVAGTVAEQTNNGVGMAGVAHKAKVLPVRVLGKCGGYLSDIADAITWASGGTVAGVPANANPAEIINMSLGGSGSCDGTYQDAINGAISRGTTVVVAAGNETDNASKYRPASCDGVVTVGATRITGGITYYSNYGTRVDLSGPGGGGSVDGNPGGYVWQSGSDAATTPESGSYSYMGMGGTSMASPHVAAVAALVQSALIAKGKDPLAPAAMRTLLKETARPFPVSIPAATPIGTGIVDAKAALAKALEEPCTESH,1.5622928763549535
YPILPEYLQC,-0.9931020175211484
CIKHIATNAV,-1.031979611171649
ELYRGGLEPI,-1.612592375071817
ISQAVHAAHAEINEAG,-0.7473872318570646
HGEGTFTSDVSYLEGQAAKEFIAWLVKGR,0.6020600999015693
SSCFGGRMDRIGAQSGLGCNSFRY,1.3424227005628642
EKAFKDEDTQ,-1.4827909018104568
AEERYPILPE,1.0606903251058144
IVRWSKKVPCVS,-0.1549013395654979
ENIFYCPIAIMSALAM,-1.4854389663659693
NVLQPSSVDSQTAMVL,-0.791018798588148
HGEGTFTSDLSKQMEEEAVRLFIEWLKNGGPSSGAPPPS,-0.1870859752123015
HGEGTFTSDLSKQMEEEAVRLFIEWLKNGGP,0.0791816079595422
ALLANHEELFQTGGGSK,1.356025876325038
CWRLRWHSPLKGM,1.350248037722309
LEPINFQTAADQAREL,-1.809640283734676
FLFRPRN,1.3010300173787048
ENIFYCPIAI,-1.0506051136692214
IGLHDPSHGTLPNGS,1.7474118156555551
PGLRPVNLTMRRKLRKHNCLQRRCMPLHSRVPFP,1.6454222791747588
PINFQTAADQARELIN,-1.737525178979059
FQWAVGH,1.6042260638878152
HGEGTFTSDLSKQEEEAVRLFIWLKGGPSSGAPPPS,2.107209973040794
AGLPTREPVRQASTAEPGAERIIVKYRAGTAAAGDRSAKLSTVQSALTRASLSGGTARASTLGPQVVRKLGVGADLIRLQGRLAPAELQRVLKELKADPAVQYAEADVKLRRTELRAGDVQPALAPNDPYYQQYQWHLHNATGGINAPSAWDVSQGEGVVVAVLDTGILPQHPDLVGNLLEGYDFISDAETSRRATNDRVPGAQDYGDWVENDNECYTGSVAEDSSWHGTHVAGTVAEQTNNGVGMAGVAHKAKVLPVRVLGKCGGYLSDIADAITWASGGTVAGVPANANPAEIINMSLGGSGSCDGTYQDAINGAISRGTTVVVAAGNETDNASKYRPASCDGVVTVGATRITGGITYYSNYGTRVDLSGPGGGGSVDGNPGGYVWQSGSDAATTPESGSYSYMGMGGTSMASPHVAAVAALVQSALIAKGKDPLAPAAMRTLLKETARPFPVSIPAATPIGTGIVDAKAALAKALEEPCTESH,0.7481881045587795
EPWNSSIT,1.1139433857141032
DVFKELKVHHANENIF,-1.6967823364263313
EQLESIINFE,-1.1636695535160395
RKEVY,1.4771212691961448
PFSTQDTDLDLEMLAPYIPMDDDFQLRSFDQLSP,1.6989700130219083
ILPEYLQCVK,-0.4182767022622898
LQPSSVDSQTAMVLVN,-1.4788488353338716
PFASGTMSMLVLLPDE,-1.3526072485882794
TEWTSSNVMEERKIKV,-1.8569539566624125
EKYNLTSVLMAMGITD,-1.6756969625131657
PGLWNLNAAGYLLATHACG,1.6020600021853242
DNWWPKPPHQGPRPPRPRPKP,-0.5228772976344773
EFKLELVEKLFAEDTEAKNPFSTQDTDLDLEMLAPYIPMDDDFQLRSFDQLSPLESSSASPESASPQSTVTVFQQTQIQEPTANATTTTATTDELKTVTKDRMEDIKILIASPSPTHIHKETT,0.7634280684412897
LYAEERYPIL,-0.977980131927358
MHRPRRRGTRPPPLALLAALLLAARGADAQRPRLSHKGPMPFGGGGSGGGGSGGGGSDKTHTCPPCPAPELLGGPSVFLFPPKPKDTLMISRTPEVTCVVVDVSHEDPEVKFNWYVDGVEVHNAKTKPREEQYNSTYRVVSVLTVLHQDWLNGKEYKCKVSNKALPAPIEKTISKAKGQPREPQVYTLPPSRDELTKNQVSLTCLVKGFYPSDIAVEWESNGQPENNYKTTPPVLDSDGSFFLYSKLTVDKSRWQQGNVFSCSVMHEALHNHYTQKSLSLSPGK,4.342942647204278e-07
MSALAMVYLG,-1.879393168943227
RNPTMSMSFLLAGGLVLAMTLGVGA,1.1760912880086458
AASVSEEFRADHPFLF,-1.6326254401258031
YGGFL,1.9777236098603683
AEERYPILPEYLQCVK,-0.5715396071940685
KVVRFDKLPGFGDSIE,-1.8826955533589975
AMGITDVFSSSANLSG,-1.581682132871321
PVQMMYQIGL,-1.0555123927133048
ASGTMSMLVLLPDEVS,-1.4881032763195692
YNLTSVLMAMGITDVF,-1.525769162527931
EQLESIINFEKLTEWT,-1.4621683168633084
KFRRQRPRLSHLGPMPF,1.6989700130219083
FDKLPGFGDS,1.4021667905558346
ETVTLLVALKVRYRERITAHCKRGARSTC,1.6020600021853242
DEVSGLEQLESIINFE,-1.5767377379013856
ARTKQTARKSTGGKAPRKQLATKAARKSAP,0.9836263322226092
DSTRTQINKV,-1.677760025068848
SAESLKISQA,-1.3458138286393968
ASSGNATG,1.2736956110554634
QESKPVQMMY,0.5806856488215203
DILNQITKPNDVYSFS,-1.651675662299613
ANENIFYCPIAIMSAL,-1.3716008513762146
ELKVHHANENIFYCPI,-1.0700653366024833
VPGVGVPGKGVPGVGDPNYPRGHEAEDLQVGQVELGGGPGAGSLQPLALEGSLQ,1.85913830330137
QWECPYGLCWIQ,0.934498501742923
SYSRNHTY,0.8061800418423947
NFQTAADQARELINSW,-1.6072854643237044
MRLTWTCLLTLVLVTAACEAPGEEPVPAEEAVPALKEVFADAFLVGAALNPDQFYGRDTLGVALITKHFNTITPENVMKWEQIHPEPDRYDFEAADRFVAFGEERDLFIVGHTLVWHNQTPDWVFEDDRGEPLTREALLERMRDHIQTVVGRYRGRVDGWDVVNEALNEDGTLRPTRWLEIIGEDYLAHAFRFAHEADPQAELYYNDYSLTNPAKREGAVRLVQGLLDAGVPVTGIGMQGHYALTYPTLEELETSITTFAGLGVDVMITELDVAVLPRPSEYWGADVSRREELRAELDPYREAFPDSMQQALADRYAGFFEVFLRQQEALTRVTFWGVTDGDSWLNNWPIRGRTSYPLLFDRAYRPKPAFFAVVATARE,4.342942647204278e-07
AMGITDVFSS,-1.812451079138729
MKILELPFAS,-1.737525178979059
MKMEEKYNLT,-1.4353221022720195
CSCSSLMDKECVYFCHLDIIW,1.6020600021853242
SSLRDILNQI,-0.822749276157687
AGVDAASVSEEFRADH,-1.4921306411073263
EKYNLTSVLM,-1.9065432925013963
QCVKELYRGG,-1.8927561024210255
PSSVDSQTAMVLVNAI,-1.4306143844919896
PGFGDSIEAQCGTSVN,0.7019823097834128
AAHAEINEAGREVVGS,-0.8965349555824367
LPDEVSGLEQLESIIN,-0.7966923644305703
YAVRTAVINAASGRQTVDE,1.4771212691961448
KLPGFGDSIE,1.60346484165859
AREYGTRFSLIGGYRGGGGKKKK,2.019116294603001
ELPFASGTMS,-1.1884182921057818
KVHHANENIF,0.1104890365772396
MAERAALEELVKLQGERVRGLKQQKASAELIEEEVAKLLKLKAQLGPDESKQKFVLKTPKHHHHHH,-0.3010291270758859
HGEGTFTSDVSSYLEGQAAKEFIAWLVKGR,0.6020600999015693
YCPIAIMSALAMVYLG,-1.9030552448230595
IGAASMEFCF,-1.2013424500868506
TSVNVHSSLRDILNQI,-0.987580404709174
MKMEEKYNLTSVLMAM,-1.49348143838275
RLYMRYYSPTTRRYG,1.716003351986616
SAGINAASPNKEL,3.5797835967310982
ILPEYLQCVKELYRGG,-1.8446335933532956
TLQPPASSRRRHFHHALPPAR,-0.0132278180077159
QAVHAAHAEI,-0.7503101282258751
NFQTAADQAR,-0.888398116319896
ELINSWVESQTNGIIR,-0.8371340218465311
MAERAALEELVKLQGERVRGLKQQKASAELIEEEVAKLLKLKAQLGPDESKQKFVLKTPKSDKTHTCPPCPAPELLGGPSVFLFPPKPKDTLMISRTPEVTCVVVDVSHEDPEVKFNWYVDGVEVHNAKTKPREEQYNSTYRVVSVLTVLHQDWLNGKEYKCKVSNKALPAPIEKTISKAKGQPREPQVYTLPPSREEMTKNQVSLTCLVKGFYPSDIAVEWESNGQPENNYKTTPPVLDSDGSFFLYSKLTVDKSRWQQGNVFSCSVMHEALHNHYTQKSLSLSPGK,1.518513953038326
NLSGISSAES,0.1823007850128571
GVPGVGY,-0.698967832869038
LQPSSVDSQT,-0.7290860331869562
HAEGTFTSDVSSYLEGQAAKEFIAWLVKGR,-0.2924289723450908
NDRAAAIIRADDLASTGYTGEGQIVGVADSGLDTGDLDRIHPDFEGRVKELYAIGRKGDASDPDGHGTHVAGSIVGTGKASDGYKGMAPDAKLVFHSMLDEYGYLAGDVSDILEEAYADGARIHSDSWGVDDDGEYGLDSFLFDQFLWEHPDMTALVAAGNAGIYGYETIGTPATAKNVIAVGASENDRPELDEDEADDPDEVAAFSSRGTTADGRLKPDLVAPGSYILSTRSSLAPDENFHGLFNAFYAYLSGTSMATPVLAGGVAQVRQFLQENGVDNPSGALIKAMLISGADDLNEDMRVQGFGRANLRRAIETGFVDEKKGLKTGDVATYRLNVTDDSQPLAITLAWTDYPASLAAERTLVNNLNLRVVTPSGETLNGNDFFHYPYDDEVDNLNNVEQVWIKHPEEGVYTVTVEGYNVPMGPQPYALAANG,0.1760915485852393
GSAEAGVDAASVSEEF,-1.583342853345156
PGLHWSYGLRPG,-0.1611502798509081
AMVLVNAIVF,-1.7824897357059728
SAESLKISQAVHAAHA,-1.3232972474296505
VESQTNGIIR,-0.480301920377694
DSDDRVTPPAEPLDRMPDPCHLRTYRRPSYGRAETVVNNYIRKWQQVYSHRDGRKQQMTEEQREWLSCHRTYRGCVGVTWVNSGQYPTNRLAFASFDEDRFKNELKNGRPRSGETRAEFEGRVAKESFDEEKGFQRAREVASVMNRALENAHDESAYLDNLKKELANGNDALRNEDARSPFCHLRTYRSALRNTPSFKERNGGNHDPSRMKAVIYSKHFWSGQDRSSSADKRKYGDPDAFRPAPGTGLVDMSRDRNIPRSPTSPGEGFVNFDYGWFGAQTEADADKTVWTHGNHYHAPNGSLGAMHVYESKFRNWSEGYSDFDRGAYVITFIPKSWNTAPDKVKQGWP,0.7075702612537088
VASMASEKMK,-0.75820207991834
ESLKISQAVH,-1.3325377075441938
AEAGVDAASV,-1.1481242910926273
SWVESQTNGI,-0.1212479056675653
SEEFRADHPF,-1.1197525022122805
ELPFASGTMSMLVLLP,-1.3872055508611008
ERYPILPEYLQCVKEL,-0.9922479558661672
YRGGLEPINF,-1.6234047956595248
KLTEWTSSNVMEERKI,-1.3829891688009155
FYSL,-0.1870859752123015
VNVHSSLRDI,-1.8297089413746064
LQEHPQARKYKGAQKKGLSKGCFGLKLDRIGSMSGLGC,0.7781513227660513
CGTSVNVHSSLRDILN,-1.3018907511675857
PIAIMSALAM,-0.7969643918504439
FKYENGKY,1.4771212691961448
ADSGEGDFLAEGGGVR,1.4771212691961448
EYEKEYEACRWPARCVHQDLCG,1.6812412464233888
IFYCPIAIMSALAMVY,-1.7772575239733992
TDVFSSSANL,-1.7212235420443551
TAVINAASGR,2.799340550142938
EFRADHPFLF,-1.2448801010800492
LMAMGITDVFSSSANL,-1.6179649372810696
LGAKDSTRTQ,-1.91360457287575
LPDEVSGLEQ,-0.4292224643758631
DSIEAQCGTS,1.129738248262119
AKDPRIAATMENAQKGEIM,1.5440680567586893
CFDVFKELKVHHANEN,-1.9871206128287104
VVGSAEAGVD,0.60871864218081
DVGVDNAGAK,2.0791812496667457
AQDFVQWLMNT,1.000000043429446
SVDSQTAMVL,-0.6961540676677132
QTAMVLVNAI,-1.5783796228931677
IFYCPIAIMS,-1.328817897373361
SVDSQTAMVLVNAIVF,-1.6270695951112066
GIVEQCCTSICSLYQLENYCN,1.3010300173787048
INFEKLTEWT,-1.2667947073431876
PINFQTAADQ,-1.0904386223375475
KGSGSGCPRILMRCKQDSDCLAGCVCGPNGFCG,1.875061269182293
VRFDKLPGFGDSIEAQ,-0.9175701069747464
SGISSAESLKISQAVH,-1.2790059993756586
SMEFCFDVFK,-1.9871206128287104
RGDYK,1.1643528855306335
GGFMTSEKSQTPLVTL,-0.1549013395654979
LYAEERYPILPEYLQC,-1.5512782250502786
QTAADQARELINSWVE,-1.5272289282191274
VNVHSSLRDILNQITK,-1.2118245557164
MLVLLPDEVSGLEQLE,-0.9792203717453184
YRQSMNNFQGLRSFGCRFGTCTVQKLAHQIYQFTDKDKDNVAPRSKISPQGY,-0.2076076100273401
CDLPQTHSLGSRRTLMLLAQMRKISLFSCLKDRHDFGFPQEEFGNQFQKAETIPVLHEMIQQIFNLFSTKDSSAAWDETLLDKFYTELYQQLNDLEACVIQGVGVTETPLMKEDSILAVRKYFQRITLYLKEKKYSPCAWEVVRAEIMRSFSLSTNLQESLRSKE,-0.4814847440802219
PSSVDSQTAM,0.659412335363661
VHAAHAEINEAGREVV,-1.1062326914323677
MTCHHEDEGDEGQWECPYGLCWIQPEG,0.6989700911949065
AMVSEFLKQAWFIENEEQEYVQTLKSSKGGPGSAVSPYPTFNPSSDV,-0.1023723589700559
AQCGTSVNVH,0.6378399258362121
VDAASVSEEF,-1.3705802063107877
HGEGTFTSDLSKQMEEEAVRLFIEWLKNGGPSSGAPPPSC,0.7923917595457454
VHAAHAEINE,-0.8677371077190991
SQDSAFRIQERLRNSKMAHSSSCFGQKIDRIGAVSRLGCDGLRLF,1.653212523426332
EINEAGREVV,-0.9892718976095596
FYS,-0.3187578578451847
TEWTSSNVME,-0.2334377039627596
SVLMAMGITD,-0.9229920359146626
GVPGSGY,-0.698967832869038
GITDVFSSSANLSGIS,-1.6197706630619626
EKMKILELPFASGTMS,-1.8728627928084989
MHRPRRRGTRPPPLALLAALLLAARGADARSTGSPGSGDKTHTCPPCPAPELLGGPSVFLFPPKPKDTLMISRTPEVTCVVVDVSHEDPEVKFNWYVDGVEVHNAKTKPREEQYNSTYRVVSVLTVLHQDWLNGKEYKCKVSNKALPAPIEKTISKAKGQPREPQVYTLPPSRDELTKNQVSLTCLVKGFYPSDIAVEWESNGQPENNYKTTPPVLDSDGSFFLYSKLTVDKSRWQQGNVFSCSVMHEALHNHYTQKSLSLSPGKGGGGSGGGGSGGGGSQRPRLSHKGPMPF,4.342942647204278e-07
PFASGTMSML,0.5847834919763271
